﻿<?xml version="1.0" encoding="utf-8"?>
<publishData>
  <publishProfile publishUrl="D:\umesh\WebSite" deleteExistingFiles="True" ftpAnonymousLogin="False" ftpPassiveMode="True" msdeploySite="" msdeploySiteID="" msdeployRemoteSitePhysicalPath="" msdeployAllowUntrustedCertificate="False" msdeploySkipExtraFilesOnServer="True" msdeployMarkAsApp="False" profileName="Profile1" publishMethod="FileSystem" replaceMatchingFiles="False" userName="" savePWD="False" userPWD="" SelectedForPublish="True">
    <file relUrl="bin/IvanAkcheurov.NTextCat.Lib.Legacy.dll" publishTime="04/17/2012 16:24:31" />
    <file relUrl="bin/System.Web.WebPages.dll" publishTime="04/17/2012 13:22:02" />
    <file relUrl="Images/findHosting.png" publishTime="04/17/2012 13:21:32" />
    <file relUrl="Content/themes/base/jquery.ui.datepicker.css" publishTime="04/17/2012 13:21:51" />
    <file relUrl="bin/System.Web.Helpers.xml" publishTime="04/17/2012 13:22:02" />
    <file relUrl="bin/LM/hungarian.lm" publishTime="04/17/2012 16:38:10" />
    <file relUrl="bin/LM/basque.lm" publishTime="04/17/2012 16:38:07" />
    <file relUrl="bin/PowerCollections.dll" publishTime="04/09/2012 10:04:39" />
    <file relUrl="bin/LM/catalan.lm" publishTime="04/17/2012 16:38:08" />
    <file relUrl="bin/LM/russian-koi8_r.lm" publishTime="04/17/2012 16:38:12" />
    <file relUrl="bin/LM/ukrainian-koi8_u.lm" publishTime="04/17/2012 16:38:14" />
    <file relUrl="Views/Account/ChangePasswordSuccess.cshtml" publishTime="04/17/2012 13:21:32" />
    <file relUrl="bin/LM/thai.lm" publishTime="04/17/2012 16:38:14" />
    <file relUrl="Content/themes/base/images/ui-bg_highlight-soft_75_cccccc_1x100.png" publishTime="04/17/2012 13:21:51" />
    <file relUrl="bin/LM/croatian-ascii.lm" publishTime="04/17/2012 16:38:08" />
    <file relUrl="Scripts/_references.js" publishTime="04/17/2012 13:21:32" />
    <file relUrl="Content/themes/base/jquery.ui.selectable.css" publishTime="04/17/2012 13:21:50" />
    <file relUrl="Content/themes/base/images/ui-bg_glass_55_fbf9ee_1x400.png" publishTime="04/17/2012 13:21:51" />
    <file relUrl="Scripts/AjaxLogin.js" publishTime="04/17/2012 13:21:32" />
    <file relUrl="Scripts/jquery.validate.js" publishTime="04/17/2012 13:21:48" />
    <file relUrl="bin/LM/norwegian.lm" publishTime="04/17/2012 16:38:11" />
    <file relUrl="bin/System.Web.Razor.xml" publishTime="04/17/2012 13:22:00" />
    <file relUrl="bin/System.Net.Http.xml" publishTime="04/17/2012 13:22:08" />
    <file relUrl="bin/LM/lithuanian.lm" publishTime="04/17/2012 16:38:11" />
    <file relUrl="Content/themes/base/jquery.ui.all.css" publishTime="04/17/2012 13:21:51" />
    <file relUrl="bin/System.Web.Razor.dll" publishTime="04/17/2012 13:22:00" />
    <file relUrl="bin/LM/swahili.lm" publishTime="04/17/2012 16:38:13" />
    <file relUrl="Views/Home/Index.cshtml" publishTime="04/17/2012 15:39:32" />
    <file relUrl="bin/System.Net.Http.Formatting.xml" publishTime="04/17/2012 13:22:10" />
    <file relUrl="bin/System.Web.Http.Common.xml" publishTime="04/17/2012 13:22:05" />
    <file relUrl="Scripts/jquery-1.6.2-vsdoc.js" publishTime="04/17/2012 13:21:46" />
    <file relUrl="bin/LM/romanian.lm" publishTime="04/17/2012 16:38:12" />
    <file relUrl="bin/LM/chinese-big5.lm" publishTime="04/17/2012 16:38:08" />
    <file relUrl="Views/Shared/Error.cshtml" publishTime="04/17/2012 13:21:32" />
    <file relUrl="bin/LM/swedish.lm" publishTime="04/17/2012 16:38:13" />
    <file relUrl="bin/LM/irish.lm" publishTime="04/17/2012 16:38:10" />
    <file relUrl="bin/LM/polish.lm" publishTime="04/17/2012 16:38:12" />
    <file relUrl="bin/LM/bulgarian-iso8859_5.lm" publishTime="04/17/2012 16:38:08" />
    <file relUrl="Images/facebook.png" publishTime="04/17/2012 13:21:31" />
    <file relUrl="bin/LM/armenian.lm" publishTime="04/17/2012 16:38:07" />
    <file relUrl="bin/LM/icelandic.lm" publishTime="04/17/2012 16:38:10" />
    <file relUrl="bin/LM/quechua.lm" publishTime="04/17/2012 16:38:12" />
    <file relUrl="Scripts/jquery-1.6.2.min.js" publishTime="04/17/2012 13:21:47" />
    <file relUrl="bin/NTextCatLegacy.exe" publishTime="04/17/2012 16:24:33" />
    <file relUrl="Content/themes/base/images/ui-icons_2e83ff_256x240.png" publishTime="04/17/2012 13:21:51" />
    <file relUrl="Images/NuGetGallery.png" publishTime="04/17/2012 13:21:32" />
    <file relUrl="bin/LM/russian-iso8859_5.lm" publishTime="04/17/2012 16:38:12" />
    <file relUrl="bin/LM/albanian.lm" publishTime="04/17/2012 16:38:07" />
    <file relUrl="bin/IvanAkcheurov.NTextCatLib.Test.dll" publishTime="04/17/2012 16:24:30" />
    <file relUrl="bin/System.Web.Providers.dll" publishTime="04/17/2012 13:22:13" />
    <file relUrl="Content/themes/base/jquery.ui.resizable.css" publishTime="04/17/2012 13:21:51" />
    <file relUrl="bin/LM/czech-iso8859_2.lm" publishTime="04/17/2012 16:38:08" />
    <file relUrl="Scripts/jquery.unobtrusive-ajax.min.js" publishTime="04/17/2012 13:21:53" />
    <file relUrl="Content/themes/base/jquery.ui.tabs.css" publishTime="04/17/2012 13:21:50" />
    <file relUrl="bin/IvanAkcheurov.NTextCat.Lib.Legacy.Test.dll" publishTime="04/17/2012 16:24:42" />
    <file relUrl="bin/System.Web.WebPages.xml" publishTime="04/17/2012 13:22:02" />
    <file relUrl="Images/twitter.png" publishTime="04/17/2012 13:21:32" />
    <file relUrl="Views/Web.config" publishTime="04/17/2012 13:21:32" />
    <file relUrl="Scripts/jquery-ui-1.8.11.min.js" publishTime="04/17/2012 13:21:49" />
    <file relUrl="bin/System.Web.Http.Common.dll" publishTime="04/17/2012 13:22:05" />
    <file relUrl="bin/LM/scots.lm" publishTime="04/17/2012 16:38:13" />
    <file relUrl="bin/System.Web.WebPages.Deployment.dll" publishTime="04/17/2012 13:22:02" />
    <file relUrl="bin/LM/russian-cp866.lm" publishTime="04/17/2012 16:38:12" />
    <file relUrl="bin/LM/portuguese.lm" publishTime="04/17/2012 16:38:12" />
    <file relUrl="Views/Account/Login.cshtml" publishTime="04/17/2012 13:21:32" />
    <file relUrl="bin/LM/sanskrit.lm" publishTime="04/17/2012 16:38:13" />
    <file relUrl="bin/LM/korean.lm" publishTime="04/17/2012 16:38:10" />
    <file relUrl="bin/LM/nepali.lm" publishTime="04/17/2012 16:38:11" />
    <file relUrl="Images/heroAccent.png" publishTime="04/17/2012 13:21:32" />
    <file relUrl="Global.asax" publishTime="04/17/2012 13:21:32" />
    <file relUrl="bin/LM/dutch.lm" publishTime="04/17/2012 16:38:09" />
    <file relUrl="bin/LM/chinese-gb2312.lm" publishTime="04/17/2012 16:38:08" />
    <file relUrl="Web.config" publishTime="04/17/2012 16:24:52" />
    <file relUrl="Scripts/jquery-1.6.2.js" publishTime="04/17/2012 13:21:47" />
    <file relUrl="bin/LM/danish.lm" publishTime="04/17/2012 16:38:08" />
    <file relUrl="bin/Microsoft.Web.Infrastructure.dll" publishTime="04/17/2012 13:21:58" />
    <file relUrl="bin/LM/mingo.lm" publishTime="04/17/2012 16:38:11" />
    <file relUrl="bin/LM/serbian-ascii.lm" publishTime="04/17/2012 16:38:13" />
    <file relUrl="bin/System.Web.Mvc.dll" publishTime="04/17/2012 13:22:06" />
    <file relUrl="Scripts/jquery.unobtrusive-ajax.js" publishTime="04/17/2012 13:21:53" />
    <file relUrl="bin/LM/tagalog.lm" publishTime="04/17/2012 16:38:14" />
    <file relUrl="packages.config" publishTime="04/17/2012 13:22:17" />
    <file relUrl="bin/LM/breton.lm" publishTime="04/17/2012 16:38:08" />
    <file relUrl="bin/System.Json.dll" publishTime="04/17/2012 13:22:07" />
    <file relUrl="Content/themes/base/jquery.ui.dialog.css" publishTime="04/17/2012 13:21:51" />
    <file relUrl="bin/LM/persian.lm" publishTime="04/17/2012 16:38:11" />
    <file relUrl="bin/LM/hindi.lm" publishTime="04/17/2012 16:38:10" />
    <file relUrl="bin/LM/slovak-windows1250.lm" publishTime="04/17/2012 16:38:13" />
    <file relUrl="Content/themes/base/images/ui-icons_222222_256x240.png" publishTime="04/17/2012 13:21:51" />
    <file relUrl="bin/LM/belarus-windows1251.lm" publishTime="04/17/2012 16:38:08" />
    <file relUrl="Content/themes/base/images/ui-bg_glass_75_dadada_1x400.png" publishTime="04/17/2012 13:21:51" />
    <file relUrl="bin/LM/arabic-iso8859_6.lm" publishTime="04/17/2012 16:38:07" />
    <file relUrl="bin/System.Web.Optimization.dll" publishTime="04/17/2012 13:22:16" />
    <file relUrl="bin/LM/marathi.lm" publishTime="04/17/2012 16:38:11" />
    <file relUrl="Scripts/jquery.validate.unobtrusive.min.js" publishTime="04/17/2012 13:21:52" />
    <file relUrl="bin/LM/latvian.lm" publishTime="04/17/2012 16:38:11" />
    <file relUrl="Views/_ViewStart.cshtml" publishTime="04/17/2012 13:21:32" />
    <file relUrl="Images/orderedListTwo.png" publishTime="04/17/2012 13:21:32" />
    <file relUrl="bin/LM/yiddish-utf.lm" publishTime="04/17/2012 16:38:14" />
    <file relUrl="Content/themes/base/jquery.ui.autocomplete.css" publishTime="04/17/2012 13:21:51" />
    <file relUrl="bin/IvanAkcheurov.NTextCat.Lib.dll" publishTime="04/17/2012 16:24:29" />
    <file relUrl="bin/IvanAkcheurov.Commons.Test.dll" publishTime="04/17/2012 16:24:32" />
    <file relUrl="bin/LM/indonesian.lm" publishTime="04/17/2012 16:38:10" />
    <file relUrl="Images/orderedListThree.png" publishTime="04/17/2012 13:21:32" />
    <file relUrl="bin/IvanAkcheurov.Commons.dll" publishTime="04/17/2012 16:24:28" />
    <file relUrl="Images/windowsLive.png" publishTime="04/17/2012 13:21:32" />
    <file relUrl="Views/Home/About.cshtml" publishTime="04/17/2012 13:21:32" />
    <file relUrl="Images/orderedListOne.png" publishTime="04/17/2012 13:21:32" />
    <file relUrl="Content/themes/base/images/ui-bg_glass_75_e6e6e6_1x400.png" publishTime="04/17/2012 13:21:51" />
    <file relUrl="favicon.ico" publishTime="04/17/2012 13:21:32" />
    <file relUrl="Images/accent.png" publishTime="04/17/2012 13:21:31" />
    <file relUrl="bin/LM/arabic-windows1256.lm" publishTime="04/17/2012 16:38:07" />
    <file relUrl="Scripts/jquery.validate-vsdoc.js" publishTime="04/17/2012 13:21:48" />
    <file relUrl="bin/LM/georgian.lm" publishTime="04/17/2012 16:38:09" />
    <file relUrl="Content/themes/base/jquery.ui.theme.css" publishTime="04/17/2012 13:21:49" />
    <file relUrl="Content/themes/base/images/ui-bg_glass_95_fef1ec_1x400.png" publishTime="04/17/2012 13:21:51" />
    <file relUrl="Views/Account/ChangePassword.cshtml" publishTime="04/17/2012 13:21:32" />
    <file relUrl="bin/LM/latin.lm" publishTime="04/17/2012 16:38:11" />
    <file relUrl="bin/LM/afrikaans.lm" publishTime="04/17/2012 16:38:07" />
    <file relUrl="bin/System.Net.Http.WebRequest.xml" publishTime="04/17/2012 13:22:08" />
    <file relUrl="Content/themes/base/jquery.ui.button.css" publishTime="04/17/2012 13:21:51" />
    <file relUrl="bin/LM/spanish.lm" publishTime="04/17/2012 16:38:13" />
    <file relUrl="bin/LM/rumantsch.lm" publishTime="04/17/2012 16:38:12" />
    <file relUrl="Scripts/modernizr-2.0.6-development-only.js" publishTime="04/17/2012 13:21:57" />
    <file relUrl="bin/NTextCatDemoSite.dll" publishTime="04/17/2012 16:39:54" />
    <file relUrl="Content/themes/base/images/ui-bg_glass_65_ffffff_1x400.png" publishTime="04/17/2012 13:21:51" />
    <file relUrl="bin/System.Web.WebPages.Razor.xml" publishTime="04/17/2012 13:22:02" />
    <file relUrl="Views/Home/Contact.cshtml" publishTime="04/17/2012 13:21:32" />
    <file relUrl="Views/Shared/_Layout.cshtml" publishTime="04/17/2012 15:18:44" />
    <file relUrl="bin/LM/estonian.lm" publishTime="04/17/2012 16:38:09" />
    <file relUrl="Content/themes/base/images/ui-icons_cd0a0a_256x240.png" publishTime="04/17/2012 13:21:51" />
    <file relUrl="bin/LM/bosnian.lm" publishTime="04/17/2012 16:38:08" />
    <file relUrl="bin/LM/tamil.lm" publishTime="04/17/2012 16:38:14" />
    <file relUrl="bin/LM/slovenian-ascii.lm" publishTime="04/17/2012 16:38:13" />
    <file relUrl="bin/NTextCat.exe" publishTime="04/17/2012 16:24:43" />
    <file relUrl="bin/nunit.framework.dll" publishTime="04/09/2012 10:04:38" />
    <file relUrl="Content/themes/base/jquery.ui.accordion.css" publishTime="04/17/2012 13:21:51" />
    <file relUrl="bin/System.Web.Http.WebHost.dll" publishTime="04/17/2012 13:22:12" />
    <file relUrl="bin/LM/malay.lm" publishTime="04/17/2012 16:38:11" />
    <file relUrl="bin/LM/french.lm" publishTime="04/17/2012 16:38:09" />
    <file relUrl="Content/themes/base/images/ui-bg_flat_0_aaaaaa_40x100.png" publishTime="04/17/2012 13:21:51" />
    <file relUrl="bin/LM/vietnamese.lm" publishTime="04/17/2012 16:38:14" />
    <file relUrl="bin/LM/turkish.lm" publishTime="04/17/2012 16:38:14" />
    <file relUrl="Views/Shared/_LoginPartial.cshtml" publishTime="04/17/2012 13:21:32" />
    <file relUrl="bin/System.Net.Http.Formatting.dll" publishTime="04/17/2012 13:22:10" />
    <file relUrl="Content/themes/base/jquery.ui.slider.css" publishTime="04/17/2012 13:21:50" />
    <file relUrl="Scripts/knockout-2.0.0.debug.js" publishTime="04/17/2012 13:22:17" />
    <file relUrl="Content/themes/base/images/ui-bg_flat_75_ffffff_40x100.png" publishTime="04/17/2012 13:21:51" />
    <file relUrl="Content/themes/base/images/ui-icons_454545_256x240.png" publishTime="04/17/2012 13:21:51" />
    <file relUrl="Scripts/jquery-ui-1.8.11.js" publishTime="04/17/2012 13:21:49" />
    <file relUrl="Content/Site.css" publishTime="04/17/2012 13:21:31" />
    <file relUrl="Scripts/jquery.validate.unobtrusive.js" publishTime="04/17/2012 13:21:52" />
    <file relUrl="bin/LM/german.lm" publishTime="04/17/2012 16:38:09" />
    <file relUrl="bin/System.Web.WebPages.Razor.dll" publishTime="04/17/2012 13:22:02" />
    <file relUrl="bin/LM/greek-iso8859-7.lm" publishTime="04/17/2012 16:38:09" />
    <file relUrl="bin/EntityFramework.xml" publishTime="04/17/2012 13:21:55" />
    <file relUrl="bin/LM/english.lm" publishTime="04/17/2012 16:38:09" />
    <file relUrl="bin/LM/esperanto.lm" publishTime="04/17/2012 16:38:09" />
    <file relUrl="bin/LM/italian.lm" publishTime="04/17/2012 16:38:10" />
    <file relUrl="bin/LM/finnish.lm" publishTime="04/17/2012 16:38:09" />
    <file relUrl="bin/EntityFramework.dll" publishTime="04/17/2012 13:21:55" />
    <file relUrl="bin/LM/scots_gaelic.lm" publishTime="04/17/2012 16:38:13" />
    <file relUrl="bin/LM/frisian.lm" publishTime="04/17/2012 16:38:09" />
    <file relUrl="bin/System.Web.Http.WebHost.xml" publishTime="04/17/2012 13:22:12" />
    <file relUrl="bin/System.Web.Http.dll" publishTime="04/17/2012 13:22:11" />
    <file relUrl="Content/themes/base/jquery.ui.core.css" publishTime="04/17/2012 13:21:51" />
    <file relUrl="bin/System.Web.Http.xml" publishTime="04/17/2012 13:22:11" />
    <file relUrl="Content/themes/base/images/ui-icons_888888_256x240.png" publishTime="04/17/2012 13:21:51" />
    <file relUrl="bin/LM/amharic-utf.lm" publishTime="04/17/2012 16:38:07" />
    <file relUrl="bin/LM/slovenian-iso8859_2.lm" publishTime="04/17/2012 16:38:13" />
    <file relUrl="bin/LM/japanese-shift_jis.lm" publishTime="04/17/2012 16:38:10" />
    <file relUrl="Content/themes/base/jquery.ui.progressbar.css" publishTime="04/17/2012 13:21:51" />
    <file relUrl="Images/bullet.png" publishTime="04/17/2012 13:21:31" />
    <file relUrl="Images/aspNetHome.png" publishTime="04/17/2012 13:21:31" />
    <file relUrl="Scripts/knockout-2.0.0.js" publishTime="04/17/2012 13:22:17" />
    <file relUrl="bin/LM/hebrew-iso8859_8.lm" publishTime="04/17/2012 16:38:10" />
    <file relUrl="bin/System.Net.Http.WebRequest.dll" publishTime="04/17/2012 13:22:08" />
    <file relUrl="bin/System.Web.Helpers.dll" publishTime="04/17/2012 13:22:02" />
    <file relUrl="bin/LM/manx.lm" publishTime="04/17/2012 16:38:11" />
    <file relUrl="bin/LM/japanese-euc_jp.lm" publishTime="04/17/2012 16:38:10" />
    <file relUrl="bin/LM/slovak-ascii.lm" publishTime="04/17/2012 16:38:13" />
    <file relUrl="bin/IvanAkcheurov.NClassify.dll" publishTime="04/17/2012 16:24:26" />
    <file relUrl="bin/PowerCollections.xml" publishTime="04/09/2012 10:04:39" />
    <file relUrl="Scripts/jquery.validate.min.js" publishTime="04/17/2012 13:21:48" />
    <file relUrl="Views/Account/Register.cshtml" publishTime="04/17/2012 13:21:32" />
    <file relUrl="bin/LM/welsh.lm" publishTime="04/17/2012 16:38:14" />
    <file relUrl="bin/System.Json.xml" publishTime="04/17/2012 13:22:07" />
    <file relUrl="Content/themes/base/jquery.ui.base.css" publishTime="04/17/2012 13:21:51" />
    <file relUrl="bin/System.Net.Http.dll" publishTime="04/17/2012 13:22:08" />
    <file relUrl="bin/System.Web.Mvc.xml" publishTime="04/17/2012 13:22:06" />
    <file relUrl="bin/LM/russian-windows1251.lm" publishTime="04/17/2012 16:38:12" />
    <file relUrl="bin/System.Web.WebPages.Deployment.xml" publishTime="04/17/2012 13:22:02" />
  </publishProfile>
</publishData>